step,loss,lr,norm,dt_ms,tok_sec
0,11.860849,0.000100,0.962581,703.317322,11647.658203
1,11.819577,0.000200,1.007034,499.618164,16396.521484
2,11.747040,0.000300,0.977615,500.489288,16367.982422
3,11.625779,0.000400,1.013855,498.020508,16449.123047
4,11.444978,0.000500,1.021734,494.770081,16557.185547
5,11.185581,0.000600,1.011269,500.666260,16362.197266
6,10.999867,0.000700,1.047824,503.002106,16286.213867
7,10.821229,0.000800,1.091677,497.545349,16464.830078
8,10.580653,0.000900,1.109568,491.759979,16658.533203
9,10.275843,0.001000,1.144180,495.397369,16536.220703
10,9.948500,0.001000,1.243634,493.939301,16585.033203
11,9.659508,0.001000,1.219827,503.513641,16269.668945
12,9.434011,0.001000,1.276832,504.279266,16244.966797
13,9.276445,0.001000,1.131414,498.028809,16448.847656
14,8.970287,0.001000,1.092609,498.646454,16428.472656
15,8.974724,0.001000,0.942847,499.458496,16401.763672
16,8.635029,0.001000,0.885830,496.743439,16491.410156
17,8.262543,0.001000,0.996846,501.630981,16330.730469
18,8.507373,0.001000,0.676347,498.360229,16437.910156
19,8.168890,0.001000,0.774787,498.456665,16434.728516
20,8.450422,0.001000,0.759903,498.381409,16437.210938
21,8.022042,0.001000,0.669161,498.072021,16447.419922
22,8.006598,0.001000,0.853555,494.889160,16553.201172
23,8.072747,0.001000,0.868916,494.967041,16550.597656
24,7.748047,0.001000,0.666869,490.716370,16693.960938
25,7.986015,0.001000,0.828476,510.063507,16060.744141
26,7.968421,0.001000,0.602832,497.235199,16475.099609
27,7.968635,0.001000,0.596211,504.006714,16253.750977
28,8.352001,0.001000,0.634125,500.349091,16372.568359
29,7.951742,0.001000,0.723815,500.634338,16363.241211
30,7.976473,0.001000,0.557826,495.333710,16538.345703
31,7.848528,0.001000,0.442199,494.175385,16577.111328
32,7.821977,0.001000,0.508314,492.552216,16631.738281
33,7.816246,0.001000,0.475666,498.047058,16448.244141
34,7.713964,0.001000,0.659113,496.026215,16515.255859
35,7.719066,0.001000,0.512322,495.506165,16532.589844
36,7.965531,0.001000,0.482615,494.839966,16554.847656
37,7.974210,0.001000,0.467959,498.344879,16438.416016
38,7.745209,0.001000,0.363751,491.704376,16660.417969
39,7.806389,0.001000,0.531840,496.213867,16509.011719
40,7.819357,0.000999,0.565460,488.716187,16762.285156
41,7.871712,0.000999,0.482992,493.686218,16593.535156
42,7.853358,0.000999,0.507912,496.784637,16490.042969
43,7.928461,0.000999,0.534905,495.524597,16531.974609
44,7.999529,0.000999,0.453385,492.701813,16626.689453
45,7.729500,0.000999,0.574085,494.288177,16573.328125
46,7.804795,0.000999,0.422610,493.454559,16601.326172
47,8.014701,0.000999,0.482524,491.906158,16653.582031
48,7.837041,0.000999,0.353766,488.125031,16782.585938
49,7.883770,0.000999,0.356740,497.321869,16472.228516
50,7.549469,0.000999,0.534820,492.761719,16624.667969
51,7.558271,0.000999,0.452961,497.632172,16461.958984
52,7.932114,0.000999,0.509893,496.075012,16513.632812
53,7.682400,0.000999,0.358937,490.745636,16692.964844
54,7.690301,0.000999,0.378301,491.233582,16676.384766
55,7.732297,0.000999,0.332153,492.855804,16621.494141
56,7.643920,0.000999,0.513332,488.124329,16782.609375
57,7.684199,0.000999,0.448125,494.732239,16558.453125
58,7.758154,0.000999,0.333377,495.809418,16522.478516
59,7.548816,0.000999,0.593650,494.235138,16575.107422
60,7.926250,0.000999,0.615790,490.744293,16693.011719
61,7.580366,0.000999,0.494419,491.621979,16663.208984
62,7.706491,0.000998,0.262094,497.127838,16478.658203
63,7.615721,0.000998,0.474180,498.180725,16443.832031
64,7.572511,0.000998,0.528776,491.709869,16660.230469
65,7.548577,0.000998,0.466786,494.436249,16568.365234
66,7.473703,0.000998,0.594275,492.625702,16629.257812
67,7.510038,0.000998,0.410682,495.119934,16545.486328
68,8.033348,0.000998,0.505164,491.325409,16673.267578
69,8.369682,0.000998,0.685297,497.716156,16459.179688
70,7.586905,0.000998,0.466411,491.144745,16679.400391
71,7.870269,0.000998,0.517984,491.312378,16673.708984
72,7.747528,0.000998,0.398561,488.621918,16765.519531
73,8.151118,0.000998,0.785168,494.202332,16576.207031
74,7.600322,0.000998,0.452820,493.318359,16605.910156
75,7.419723,0.000998,0.839573,494.831573,16555.128906
76,7.488351,0.000998,0.467074,492.179474,16644.333984
77,7.564543,0.000997,0.407247,495.129028,16545.181641
78,7.445555,0.000997,0.425978,488.441559,16771.708984
79,7.709740,0.000997,0.396181,490.508270,16701.044922
80,7.844787,0.000997,0.317792,490.160339,16712.898438
81,7.586128,0.000997,0.555148,491.238586,16676.214844
82,7.954757,0.000997,0.628147,494.686157,16559.994141
83,7.499914,0.000997,0.358949,491.619507,16663.292969
84,7.455132,0.000997,0.603984,496.579712,16496.847656
85,7.782282,0.000997,0.808512,496.966278,16484.015625
86,7.609011,0.000997,0.374997,497.343079,16471.527344
87,7.532270,0.000997,0.429139,492.788788,16623.753906
88,8.014627,0.000997,0.724862,496.410400,16502.474609
89,7.964790,0.000997,0.547178,491.043823,16682.828125
90,7.662127,0.000996,0.394639,492.928406,16619.046875
91,7.648868,0.000996,0.384674,498.774536,16424.255859
92,8.076217,0.000996,0.347158,499.394073,16403.878906
93,7.382098,0.000996,0.458358,497.863586,16454.306641
94,8.657399,0.000996,0.584333,497.889801,16453.441406
95,8.068564,0.000996,0.433447,496.622162,16495.437500
96,7.511856,0.000996,0.530750,493.627258,16595.517578
97,7.752087,0.000996,0.358758,491.518829,16666.707031
98,7.710268,0.000996,0.606183,495.548737,16531.169922
99,7.789639,0.000996,0.805121,487.914001,16789.843750
100,7.490558,0.000995,0.561926,494.927521,16551.917969
101,7.452320,0.000995,0.388096,497.138702,16478.298828
102,7.611947,0.000995,0.731356,493.925690,16585.490234
103,7.654285,0.000995,0.680023,496.497620,16499.576172
104,7.496560,0.000995,0.580799,490.014648,16717.867188
105,7.315120,0.000995,0.496415,488.816895,16758.832031
106,7.389241,0.000995,0.430761,490.972992,16685.236328
107,7.521316,0.000995,0.450930,491.410095,16670.394531
108,7.533710,0.000995,0.443643,497.164612,16477.439453
109,7.475199,0.000995,0.348592,491.926453,16652.896484
110,7.514706,0.000994,0.401063,494.854370,16554.365234
111,7.564175,0.000994,0.526184,493.900879,16586.324219
112,7.527536,0.000994,0.467024,504.719116,16230.809570
113,7.346523,0.000994,0.667373,495.946655,16517.906250
114,7.491727,0.000994,0.556555,493.284210,16607.058594
115,7.528915,0.000994,0.442223,496.358063,16504.214844
116,7.443369,0.000994,0.433346,495.959229,16517.486328
117,7.532673,0.000994,0.533264,498.213989,16442.734375
118,7.106518,0.000993,0.531564,491.056213,16682.408203
119,7.404737,0.000993,0.428501,491.321289,16673.406250
120,7.433292,0.000993,0.705733,487.125336,16817.027344
121,7.592637,0.000993,0.546175,495.871918,16520.394531
122,7.560409,0.000993,0.463204,491.806580,16656.955078
123,8.164814,0.000993,0.630831,490.100189,16714.949219
124,7.766234,0.000993,0.381433,493.304199,16606.386719
125,7.526717,0.000993,0.353262,488.510040,16769.359375
126,7.414194,0.000992,0.614587,493.140472,16611.900391
127,7.600205,0.000992,0.478583,491.147339,16679.312500
128,7.671295,0.000992,0.317073,493.315125,16606.017578
129,7.415082,0.000992,0.407199,492.935730,16618.800781
130,7.462722,0.000992,0.396845,489.977112,16719.148438
131,7.434522,0.000992,0.326864,490.218933,16710.900391
132,7.049201,0.000992,0.608345,487.885681,16790.818359
133,7.518777,0.000992,0.568856,488.543213,16768.220703
134,7.283612,0.000991,0.386024,489.768066,16726.285156
135,7.471707,0.000991,0.497977,499.853851,16388.791016
136,7.454561,0.000991,0.530844,493.202667,16609.804688
137,7.431304,0.000991,0.615027,485.930023,16858.394531
138,7.384660,0.000991,0.653495,485.087769,16887.666016
139,7.188507,0.000991,0.484059,483.544189,16941.574219
140,7.374474,0.000991,0.428051,491.311218,16673.748047
141,7.523890,0.000990,0.455493,497.420135,16468.974609
142,7.397466,0.000990,0.393059,498.655487,16428.175781
143,7.461287,0.000990,0.883041,496.092285,16513.056641
144,7.221194,0.000990,0.470480,489.945984,16720.210938
145,7.064847,0.000990,0.339225,498.297913,16439.964844
146,7.043886,0.000990,0.518346,489.317810,16741.675781
147,7.288904,0.000990,0.660159,499.000610,16416.814453
148,7.489634,0.000989,0.579636,494.162445,16577.544922
149,7.215798,0.000989,0.343802,490.217468,16710.951172
150,7.673080,0.000989,0.640248,492.410217,16636.535156
151,7.528568,0.000989,0.494296,491.977875,16651.156250
152,7.652742,0.000989,0.510895,497.046997,16481.337891
153,7.403339,0.000989,0.446272,492.529816,16632.496094
154,7.572009,0.000988,0.431189,495.463165,16534.023438
155,7.453749,0.000988,0.564121,495.802734,16522.701172
156,7.728266,0.000988,0.552961,487.070984,16818.904297
157,7.402138,0.000988,0.377973,491.400818,16670.708984
158,7.350176,0.000988,0.408479,497.725494,16458.871094
159,7.370739,0.000988,0.370805,495.420837,16535.437500
160,7.365998,0.000987,0.455036,491.515747,16666.810547
161,7.501813,0.000987,0.368485,495.875641,16520.271484
162,7.536172,0.000987,0.577568,488.452515,16771.333984
163,7.617161,0.000987,0.567022,491.690887,16660.875000
164,7.405001,0.000987,0.363193,485.426666,16875.875000
165,7.347661,0.000987,0.423974,496.297180,16506.238281
166,7.327884,0.000986,0.439469,494.383514,16570.130859
167,7.414986,0.000986,0.382040,499.941132,16385.929688
168,7.208562,0.000986,0.539668,493.430206,16602.146484
169,7.182593,0.000986,0.814417,498.350952,16438.214844
170,7.326250,0.000986,0.395420,497.485046,16466.826172
171,7.580300,0.000986,0.565786,496.123169,16512.029297
172,7.484218,0.000985,0.465562,498.067780,16447.560547
173,7.763189,0.000985,0.636642,493.708740,16592.779297
174,7.408707,0.000985,0.370560,495.796600,16522.904297
175,7.245214,0.000985,0.470097,498.322693,16439.146484
176,7.209886,0.000985,0.375965,498.559265,16431.345703
177,7.487289,0.000984,0.652635,497.666138,16460.833984
178,7.645011,0.000984,0.592917,488.519135,16769.046875
179,7.081312,0.000984,0.415775,497.394531,16469.822266
180,7.122572,0.000984,0.453752,486.507782,16838.375000
181,7.108681,0.000984,0.476374,495.836273,16521.582031
182,7.377497,0.000984,0.422816,490.578796,16698.642578
183,7.355224,0.000983,0.429197,489.968140,16719.453125
184,7.188300,0.000983,0.339229,492.477203,16634.271484
185,7.255023,0.000983,0.365003,494.652679,16561.115234
186,7.061362,0.000983,0.436419,491.122040,16680.171875
187,7.736682,0.000983,0.565173,496.962097,16484.154297
188,8.102068,0.000982,0.753704,493.157959,16611.310547
189,7.053685,0.000982,0.747996,489.659271,16730.000000
190,7.437321,0.000982,0.456291,493.536407,16598.572266
191,7.332141,0.000982,0.459582,501.002136,16351.227539
192,7.573120,0.000982,0.533511,491.038452,16683.011719
193,7.500985,0.000981,0.493067,495.555145,16530.955078
194,7.651137,0.000981,0.420976,490.542908,16699.863281
195,7.342627,0.000981,0.509122,492.421112,16636.167969
196,7.284792,0.000981,0.487270,496.077026,16513.564453
197,7.183320,0.000981,0.377666,490.654419,16696.068359
198,7.181165,0.000980,0.401337,493.405273,16602.984375
199,7.294951,0.000980,0.499083,491.257385,16675.576172
200,7.390378,0.000980,0.743961,497.072083,16480.507812
201,7.555355,0.000980,0.897606,498.285339,16440.378906
202,7.428492,0.000979,0.671465,492.723236,16625.966797
203,7.382211,0.000979,0.473755,495.673340,16527.013672
204,7.120583,0.000979,0.757695,490.931122,16686.658203
205,7.038710,0.000979,0.819154,496.018829,16515.501953
206,6.989497,0.000979,0.787922,491.042419,16682.876953
207,7.179619,0.000978,0.654402,492.529816,16632.496094
208,7.393310,0.000978,0.620193,488.119995,16782.757812
209,7.305436,0.000978,0.653413,491.048279,16682.677734
210,6.999722,0.000978,0.518937,489.045715,16750.990234
211,6.907563,0.000978,0.575271,491.987915,16650.816406
212,6.860498,0.000977,0.802274,489.485321,16735.945312
213,7.478955,0.000977,0.513100,495.290222,16539.796875
214,7.430169,0.000977,0.571748,491.862091,16655.074219
215,7.289301,0.000977,0.496200,494.335846,16571.728516
216,7.323812,0.000976,0.617349,492.594269,16630.318359
217,7.240467,0.000976,0.680260,495.061401,16547.443359
218,7.471377,0.000976,0.794711,495.343292,16538.025391
219,7.602899,0.000976,0.681178,486.290863,16845.884766
220,7.450095,0.000975,0.801786,491.690308,16660.894531
221,7.371050,0.000975,0.432806,492.790619,16623.693359
222,7.284118,0.000975,0.457419,507.575836,16139.460938
223,7.372086,0.000975,0.595978,493.029572,16615.636719
224,7.319079,0.000975,0.495821,504.177887,16248.234375
225,7.228565,0.000974,0.479489,492.174866,16644.490234
226,7.151984,0.000974,0.521338,499.563599,16398.312500
227,6.781899,0.000974,0.693349,494.779266,16556.878906
228,7.841588,0.000974,0.474912,498.372681,16437.498047
229,7.466327,0.000973,0.725189,501.995911,16318.857422
230,7.241855,0.000973,0.427565,492.109863,16646.689453
231,7.013259,0.000973,0.495495,495.390594,16536.447266
232,7.271640,0.000973,0.544573,491.481537,16667.970703
233,7.196389,0.000972,0.401112,493.488190,16600.195312
234,7.201638,0.000972,0.389964,495.732574,16525.039062
235,7.413450,0.000972,0.474776,493.469421,16600.826172
236,7.228280,0.000972,0.402184,491.896942,16653.894531
237,7.130303,0.000971,0.416110,499.548920,16398.794922
238,7.242421,0.000971,0.403555,491.823700,16656.375000
239,7.105054,0.000971,0.428416,492.294617,16640.441406
240,7.120911,0.000971,0.409749,494.606689,16562.654297
241,7.334941,0.000970,0.328751,501.770203,16326.199219
242,6.940753,0.000970,0.525573,497.335663,16471.771484
243,7.154630,0.000970,0.450202,494.822418,16555.433594
244,7.036633,0.000970,0.684295,490.281494,16708.769531
245,7.089629,0.000969,0.516044,497.075043,16480.408203
246,6.955807,0.000969,0.568343,499.070496,16414.515625
247,7.090601,0.000969,0.652510,493.725311,16592.222656
248,7.313725,0.000969,0.579847,494.538086,16564.953125
249,7.390296,0.000968,0.502962,492.239685,16642.298828
250,7.055698,0.000968,0.499036,494.436157,16568.367188
251,7.288825,0.000968,0.380420,499.868164,16388.322266
252,7.742313,0.000968,0.635900,496.205231,16509.296875
253,6.985097,0.000967,0.465700,492.752594,16624.976562
254,7.154180,0.000967,0.500033,492.497528,16633.585938
255,7.422029,0.000967,0.531210,494.381165,16570.210938
256,6.986552,0.000966,0.405811,489.177185,16746.488281
257,7.240094,0.000966,0.413064,491.451294,16668.996094
258,7.203184,0.000966,0.553447,498.690887,16427.009766
259,7.357995,0.000966,0.371877,496.237762,16508.216797
260,7.433352,0.000965,0.584005,497.072571,16480.490234
261,7.088792,0.000965,0.575637,501.154968,16346.241211
262,7.287929,0.000965,0.367940,495.591949,16529.728516
263,7.212215,0.000965,0.420753,490.984772,16684.835938
264,7.011002,0.000964,0.461096,496.868561,16487.257812
265,7.038867,0.000964,0.328022,494.905304,16552.662109
266,7.093580,0.000964,0.373241,492.221771,16642.904297
267,7.101721,0.000963,0.473098,487.578308,16801.404297
268,7.054951,0.000963,0.347524,492.728882,16625.775391
269,7.062160,0.000963,0.367596,491.039276,16682.982422
270,7.083214,0.000963,0.449203,502.155090,16313.685547
271,7.045836,0.000962,0.443525,499.556915,16398.531250
272,7.060462,0.000962,0.731133,502.368011,16306.770508
273,7.407295,0.000962,0.504095,497.418396,16469.033203
274,7.108694,0.000961,0.471182,502.343994,16307.549805
275,7.289592,0.000961,0.523441,494.316895,16572.365234
276,7.100607,0.000961,0.387296,501.392548,16338.496094
277,7.229971,0.000961,0.759443,498.705017,16426.542969
278,7.150914,0.000960,0.461495,503.734558,16262.534180
279,7.315821,0.000960,0.588218,498.763458,16424.619141
280,7.013103,0.000960,0.394194,497.549591,16464.689453
281,7.153728,0.000959,0.380760,504.518219,16237.273438
282,6.915665,0.000959,0.692198,497.552002,16464.611328
283,6.882349,0.000959,0.423459,495.391937,16536.402344
284,6.996788,0.000959,0.343676,494.214264,16575.806641
285,7.590955,0.000958,0.658464,494.349030,16571.287109
286,7.477876,0.000958,0.561896,499.953003,16385.541016
287,7.182028,0.000958,0.429955,499.428314,16402.753906
288,7.191697,0.000957,0.468626,497.891388,16453.386719
289,7.063658,0.000957,0.354727,495.198120,16542.873047
290,7.097227,0.000957,0.358677,500.608795,16364.075195
291,7.390515,0.000956,0.552805,503.027924,16285.378906
292,7.341867,0.000956,0.393111,497.193909,16476.468750
293,7.287269,0.000956,0.409895,495.846588,16521.238281
294,7.135220,0.000956,0.356760,489.818207,16724.572266
295,6.636921,0.000955,0.651742,496.464172,16500.687500
296,7.269284,0.000955,0.502107,490.113434,16714.498047
297,7.107656,0.000955,0.356511,499.719421,16393.199219
298,6.915063,0.000954,0.509002,493.179443,16610.587891
299,7.223089,0.000954,0.374357,493.771851,16590.658203
300,7.315108,0.000954,0.397984,493.030396,16615.607422
301,7.239361,0.000953,0.367877,483.250458,16951.871094
302,7.204250,0.000953,0.398447,497.292542,16473.201172
303,6.997685,0.000953,0.494622,488.412842,16772.695312
304,6.519145,0.000952,0.944354,491.388245,16671.136719
305,6.834580,0.000952,0.439110,491.557098,16665.408203
306,7.331911,0.000952,0.369167,493.108093,16612.990234
307,7.305885,0.000951,0.553704,497.285248,16473.443359
308,7.126131,0.000951,0.395951,489.405365,16738.679688
309,7.166933,0.000951,0.639041,490.680511,16695.181641
310,7.005451,0.000950,0.414402,487.631866,16799.558594
311,7.082576,0.000950,0.421860,496.282349,16506.732422
312,7.138219,0.000950,0.407767,492.134918,16645.841797
313,7.126136,0.000949,0.361809,495.276215,16540.265625
314,7.057455,0.000949,0.464380,492.687561,16627.169922
315,7.232368,0.000949,0.399743,495.040863,16548.128906
316,6.468426,0.000949,0.761395,491.992859,16650.648438
317,6.174900,0.000948,0.896666,493.057251,16614.703125
318,7.104090,0.000948,0.399022,493.346313,16604.968750
319,7.198662,0.000948,0.469629,493.145081,16611.744141
320,7.138587,0.000947,0.441267,497.045898,16481.375000
321,6.979556,0.000947,0.758526,504.071106,16251.674805
322,7.040301,0.000947,0.402432,498.816467,16422.875000
323,7.097778,0.000946,0.452738,493.025177,16615.783203
324,7.346821,0.000946,0.422886,498.399658,16436.609375
325,7.279441,0.000945,0.427385,501.320953,16340.829102
326,7.125805,0.000945,0.524525,495.041077,16548.121094
327,7.248788,0.000945,0.680703,497.814606,16455.925781
328,7.082459,0.000944,0.504060,505.056427,16219.969727
329,7.137604,0.000944,0.554946,501.336853,16340.310547
330,7.153850,0.000944,0.415746,493.834167,16588.564453
331,7.090848,0.000943,0.370012,504.096741,16250.848633
332,7.378120,0.000943,0.598741,496.550476,16497.820312
333,7.138622,0.000943,0.516644,500.877716,16355.289062
334,7.155048,0.000942,0.697089,494.900085,16552.835938
335,6.957344,0.000942,0.670090,499.851379,16388.871094
336,7.070417,0.000942,0.479608,499.510193,16400.066406
337,7.172502,0.000941,0.417517,500.882263,16355.140625
338,7.062579,0.000941,0.376893,497.805725,16456.218750
339,7.183194,0.000941,0.506688,494.665924,16560.671875
340,7.145332,0.000940,0.564208,492.577301,16630.892578
341,7.144776,0.000940,0.393472,503.067017,16284.112305
342,6.926017,0.000940,0.458097,493.482117,16600.398438
343,7.077007,0.000939,0.363246,498.216583,16442.648438
344,7.044468,0.000939,0.608865,504.573151,16235.504883
345,6.904203,0.000939,0.425705,495.986938,16516.564453
346,7.202062,0.000938,0.385711,505.374207,16209.771484
347,7.161555,0.000938,0.919878,501.398987,16338.286133
348,7.355459,0.000937,0.761975,493.657806,16594.492188
349,7.170793,0.000937,0.407938,500.707764,16360.841797
350,7.014676,0.000937,0.483221,496.315430,16505.632812
351,7.215847,0.000936,0.564707,502.127777,16314.573242
352,7.280480,0.000936,0.587377,501.814178,16324.767578
353,7.115494,0.000936,0.527712,504.064819,16251.878906
354,7.238089,0.000935,0.399706,501.589294,16332.086914
355,7.061205,0.000935,0.488995,497.096558,16479.695312
356,7.260847,0.000935,0.502952,492.153839,16645.201172
357,7.103961,0.000934,0.517875,503.406342,16273.135742
358,7.055618,0.000934,0.370811,497.178955,16476.964844
359,6.892200,0.000933,0.423446,492.691895,16627.023438
360,6.872995,0.000933,0.536859,505.830475,16195.149414
361,7.193947,0.000933,0.559818,495.020630,16548.804688
362,7.218091,0.000932,0.317022,494.585266,16563.373047
363,6.959445,0.000932,0.382543,496.032593,16515.042969
364,6.616162,0.000932,0.446863,492.318024,16639.650391
365,6.993415,0.000931,0.390617,504.778168,16228.912109
366,7.023489,0.000931,0.467248,502.448395,16304.162109
367,6.929485,0.000930,0.634148,494.815247,16555.673828
368,8.082010,0.000930,0.855994,503.540405,16268.803711
369,7.497275,0.000930,0.609365,491.104523,16680.767578
370,7.154217,0.000929,0.427614,495.280792,16540.111328
371,7.455912,0.000929,0.551965,491.766266,16658.320312
372,7.578155,0.000928,0.947235,495.224121,16542.005859
373,7.085151,0.000928,0.611234,497.059418,16480.927734
374,7.241435,0.000928,0.578640,495.146942,16544.583984
375,7.100768,0.000927,0.530597,492.003326,16650.294922
376,7.185843,0.000927,0.486354,486.996216,16821.486328
377,7.164536,0.000927,0.551959,496.425842,16501.960938
378,7.347047,0.000926,0.601808,491.227203,16676.601562
379,7.141741,0.000926,0.529960,502.258698,16310.319336
380,7.174064,0.000925,0.502097,496.484772,16500.001953
381,7.184552,0.000925,0.415390,501.152374,16346.325195
382,7.307592,0.000925,0.581448,494.468964,16567.267578
383,7.530579,0.000924,0.840471,495.681458,16526.742188
384,7.063985,0.000924,0.468350,490.303864,16708.005859
385,7.028256,0.000923,0.362253,496.353973,16504.349609
386,7.106669,0.000923,0.798071,492.638702,16628.818359
387,6.996579,0.000923,0.552659,497.658142,16461.099609
388,6.893348,0.000922,0.676153,498.033600,16448.689453
389,7.116179,0.000922,0.859232,498.820068,16422.755859
390,7.496910,0.000921,0.868120,497.792114,16456.667969
391,6.942588,0.000921,0.669539,499.055786,16414.998047
392,7.125545,0.000921,0.486005,495.730347,16525.113281
393,7.832581,0.000920,1.020248,500.288849,16374.541016
394,7.753177,0.000920,1.034455,492.108093,16646.748047
395,7.759423,0.000919,0.932551,499.764160,16391.730469
396,7.523623,0.000919,0.575115,493.674683,16593.923828
397,7.172909,0.000919,0.456112,494.018890,16582.361328
398,7.370288,0.000918,0.679230,494.063812,16580.853516
399,7.080312,0.000918,0.859472,496.032959,16515.031250
400,6.955431,0.000917,0.782259,500.145813,16379.223633
401,7.106218,0.000917,0.649112,499.343079,16405.554688
402,6.922796,0.000917,0.725069,500.866638,16355.650391
403,7.198060,0.000916,0.572429,497.069794,16480.582031
404,6.914711,0.000916,0.667624,495.005310,16549.318359
405,7.305058,0.000915,0.484174,499.297180,16407.062500
406,7.200465,0.000915,0.514698,496.519592,16498.845703
407,7.236091,0.000914,0.416503,496.800690,16489.509766
408,7.287332,0.000914,0.485939,495.389984,16536.466797
409,7.056504,0.000914,0.422645,497.703949,16459.583984
410,6.693884,0.000913,0.894985,500.753174,16359.357422
411,6.554020,0.000913,1.033545,504.802979,16228.112305
412,6.874210,0.000912,0.427224,492.788391,16623.767578
413,6.973870,0.000912,0.726442,493.879822,16587.031250
414,7.098504,0.000912,0.590014,493.776215,16590.511719
415,6.856953,0.000911,0.499517,496.327698,16505.224609
416,6.860538,0.000911,0.516184,492.519409,16632.847656
417,6.850380,0.000910,0.477352,493.153717,16611.453125
418,7.116128,0.000910,0.608913,493.803741,16589.585938
419,7.194353,0.000909,0.592159,498.904053,16419.990234
420,7.187866,0.000909,0.593524,501.374664,16339.078125
421,7.251725,0.000909,0.477074,502.747528,16294.460938
422,7.145353,0.000908,0.503749,496.271698,16507.085938
423,7.050657,0.000908,0.421153,497.148682,16477.966797
424,6.925077,0.000907,0.610388,494.899750,16552.847656
425,7.426833,0.000907,0.517226,498.586761,16430.439453
426,7.047853,0.000906,0.473464,492.078339,16647.755859
427,7.232373,0.000906,0.497855,495.776306,16523.582031
428,7.423610,0.000906,0.503470,497.721344,16459.009766
429,7.391876,0.000905,0.433490,490.327637,16707.197266
430,6.950068,0.000905,0.478906,492.626465,16629.232422
431,7.124797,0.000904,0.510431,499.741364,16392.478516
432,6.939958,0.000904,0.480904,493.603058,16596.332031
433,6.929566,0.000903,0.393900,492.235291,16642.447266
434,7.121401,0.000903,0.403079,489.302948,16742.183594
435,7.082910,0.000902,0.485332,498.285187,16440.384766
436,7.221792,0.000902,0.508413,491.833893,16656.029297
437,6.937091,0.000902,0.333175,497.236420,16475.060547
438,7.051243,0.000901,0.411781,499.186493,16410.701172
439,7.105911,0.000901,0.374715,492.191010,16643.945312
440,7.085215,0.000900,0.437821,496.979523,16483.576172
441,7.291542,0.000900,0.810167,494.389771,16569.921875
442,6.911166,0.000899,0.421247,495.708344,16525.845703
443,7.024687,0.000899,0.344199,487.723785,16796.392578
444,7.273878,0.000898,0.393846,495.081085,16546.783203
445,7.356446,0.000898,0.678472,493.458099,16601.207031
446,6.977511,0.000898,0.354950,496.114929,16512.302734
447,7.034388,0.000897,0.388936,495.216766,16542.251953
448,7.149326,0.000897,0.318924,491.816498,16656.619141
449,7.052547,0.000896,0.325792,493.270599,16607.517578
450,6.985765,0.000896,0.555499,492.149414,16645.351562
451,6.909080,0.000895,0.375867,497.677826,16460.447266
452,6.982095,0.000895,0.443625,500.592468,16364.609375
453,7.354626,0.000894,0.429244,498.098419,16446.548828
454,6.799383,0.000894,0.645401,500.174347,16378.289062
455,7.099109,0.000893,0.334568,497.163574,16477.474609
456,7.152879,0.000893,0.412646,497.539001,16465.041016
457,6.646155,0.000893,0.575908,493.914276,16585.875000
458,6.896332,0.000892,0.712017,494.491547,16566.511719
459,7.526215,0.000892,0.603120,494.318970,16572.294922
460,6.994809,0.000891,0.367163,490.553497,16699.503906
461,7.192879,0.000891,0.436371,494.321991,16572.193359
462,7.004115,0.000890,0.410026,488.390045,16773.478516
463,7.104563,0.000890,0.622234,496.732361,16491.779297
464,7.180966,0.000889,0.479090,494.614410,16562.396484
465,6.972690,0.000889,0.332359,496.921387,16485.503906
466,7.011123,0.000888,0.452798,499.511810,16400.013672
467,7.121208,0.000888,0.406974,494.714447,16559.046875
468,7.079757,0.000887,0.365226,494.807098,16555.947266
469,6.956610,0.000887,0.469802,503.511566,16269.736328
470,6.611676,0.000886,0.632514,501.268646,16342.535156
471,7.465588,0.000886,0.589870,496.559204,16497.529297
472,7.201886,0.000886,0.473726,493.266327,16607.662109
473,7.322215,0.000885,0.544443,496.523529,16498.714844
474,7.365497,0.000885,0.639138,497.476807,16467.099609
475,7.082577,0.000884,0.345915,497.571594,16463.962891
476,7.199425,0.000884,0.388729,501.261963,16342.752930
477,7.161950,0.000883,0.451971,494.377502,16570.333984
478,7.201976,0.000883,0.501079,496.417145,16502.250000
479,7.417895,0.000882,0.544430,499.135651,16412.373047
480,6.969899,0.000882,0.459660,493.159271,16611.265625
481,7.043825,0.000881,0.377459,501.660614,16329.765625
482,7.000383,0.000881,0.347585,499.991333,16384.285156
483,7.175018,0.000880,0.461253,498.147186,16444.939453
484,6.922759,0.000880,0.432716,493.753540,16591.273438
485,6.790112,0.000879,0.350070,496.738434,16491.576172
486,7.118531,0.000879,0.466378,499.398438,16403.736328
487,7.084370,0.000878,0.448753,488.121826,16782.695312
488,7.027765,0.000878,0.510596,496.867188,16487.302734
489,7.008473,0.000877,0.325606,490.535736,16700.109375
490,7.216199,0.000877,0.387813,495.592010,16529.726562
491,6.937647,0.000876,0.396309,495.480042,16533.460938
492,6.853282,0.000876,0.379174,493.391022,16603.464844
493,6.596777,0.000875,0.529071,495.449554,16534.478516
494,7.040299,0.000875,0.362017,495.643372,16528.011719
495,6.995363,0.000874,0.359758,495.166229,16543.939453
496,6.932458,0.000874,0.377051,496.062164,16514.058594
497,6.882949,0.000873,0.340200,494.984711,16550.005859
498,7.058709,0.000873,0.438962,497.290009,16473.285156
499,6.839566,0.000872,0.370261,493.138580,16611.962891
500,6.965379,0.000872,0.356074,491.865234,16654.968750
501,7.018751,0.000871,0.437670,497.766571,16457.513672
502,7.042508,0.000871,0.490194,498.271698,16440.830078
503,6.961890,0.000870,0.408995,499.061707,16414.804688
504,7.040424,0.000870,0.376832,499.678833,16394.531250
505,7.053999,0.000869,0.435583,498.170380,16444.173828
506,7.115787,0.000869,0.374661,493.351746,16604.785156
507,7.490345,0.000868,0.569606,492.366180,16638.023438
508,7.338203,0.000868,0.511585,497.312622,16472.535156
509,7.031618,0.000867,0.332932,495.144165,16544.675781
510,7.070600,0.000867,0.451349,498.273407,16440.773438
511,7.040948,0.000866,0.381765,500.017914,16383.412109
512,7.104285,0.000866,0.359374,497.514313,16465.857422
513,6.993481,0.000865,0.623680,490.790131,16691.453125
514,7.074419,0.000865,0.891954,496.409821,16502.494141
515,6.801787,0.000864,0.548835,496.286163,16506.605469
516,7.097533,0.000864,0.477118,495.371063,16537.097656
517,6.975329,0.000863,0.450657,497.195679,16476.410156
518,6.946497,0.000863,0.434205,496.293518,16506.361328
519,6.904243,0.000862,0.849115,498.644928,16428.523438
520,7.183921,0.000862,0.422830,497.112122,16479.179688
521,6.841721,0.000861,0.360835,494.504883,16566.064453
522,6.914255,0.000861,0.399477,497.205048,16476.099609
523,7.026667,0.000860,0.562814,493.453979,16601.345703
524,7.281329,0.000860,0.593410,497.622925,16462.263672
525,7.337503,0.000859,0.576197,494.798584,16556.232422
526,6.865774,0.000859,0.507773,498.065277,16447.644531
527,7.161278,0.000858,0.418611,499.264313,16408.142578
528,7.030569,0.000858,0.464409,497.770233,16457.392578
529,7.039164,0.000857,0.344195,498.368652,16437.630859
530,6.714525,0.000857,0.609881,498.218658,16442.580078
531,6.851813,0.000856,0.370696,500.763367,16359.024414
532,7.055052,0.000856,0.374259,496.617462,16495.593750
533,7.210639,0.000855,0.502980,488.273773,16777.472656
534,7.104007,0.000855,0.394184,500.497162,16367.725586
535,6.843524,0.000854,0.486134,499.755249,16392.023438
536,6.744606,0.000854,0.482589,495.541687,16531.404297
537,6.882530,0.000853,0.334429,493.119904,16612.591797
538,7.042093,0.000853,0.341349,498.469055,16434.320312
539,6.933221,0.000852,0.738567,491.779816,16657.861328
540,7.055332,0.000851,0.419225,497.736115,16458.519531
541,7.034689,0.000851,0.635074,495.973572,16517.009766
542,7.087126,0.000850,0.691042,493.121277,16612.546875
543,7.193142,0.000850,0.537580,491.122406,16680.160156
544,6.998918,0.000849,0.447966,489.833466,16724.050781
545,7.202255,0.000849,0.365276,491.815918,16656.638672
546,7.202575,0.000848,0.686273,497.011505,16482.515625
547,6.883998,0.000848,0.486417,495.514374,16532.316406
548,7.150100,0.000847,0.445967,495.381439,16536.751953
549,6.751916,0.000847,0.414999,498.692993,16426.939453
550,7.168605,0.000846,0.478108,493.868011,16587.427734
551,7.022941,0.000846,0.376060,507.050079,16156.194336
552,7.068941,0.000845,0.400462,492.980682,16617.283203
553,6.977715,0.000845,0.339733,496.586426,16496.625000
554,6.958899,0.000844,0.356642,499.025024,16416.009766
555,6.798504,0.000843,0.334200,492.479156,16634.207031
556,6.836317,0.000843,0.421518,489.255554,16743.806641
557,7.068149,0.000842,0.402481,487.146210,16816.306641
558,6.918067,0.000842,0.393231,491.676910,16661.347656
559,6.977111,0.000841,0.394957,493.007294,16616.386719
560,6.874590,0.000841,0.480295,495.291992,16539.738281
561,6.737137,0.000840,0.430568,500.604584,16364.212891
562,6.654883,0.000840,0.531253,490.627289,16696.992188
563,7.018619,0.000839,0.346745,492.213165,16643.195312
564,7.034425,0.000839,0.433835,491.421204,16670.017578
565,7.160680,0.000838,0.858872,494.408783,16569.285156
566,7.110495,0.000837,0.736068,492.197601,16643.722656
567,6.885032,0.000837,0.698018,495.692871,16526.361328
568,6.815223,0.000836,0.647804,494.965637,16550.644531
569,6.722783,0.000836,0.536825,498.291199,16440.185547
570,6.761858,0.000835,0.501616,495.526855,16531.898438
571,7.024621,0.000835,0.488644,497.937164,16451.875000
572,7.169239,0.000834,0.959632,498.937317,16418.896484
573,6.925928,0.000834,0.489988,493.004639,16616.476562
574,7.125030,0.000833,0.456886,497.923462,16452.328125
575,6.994101,0.000833,0.531991,496.783295,16490.087891
576,6.928342,0.000832,0.523010,493.217194,16609.314453
577,7.210034,0.000831,0.404468,490.854156,16689.275391
578,6.867602,0.000831,0.473989,493.106750,16613.035156
579,6.780996,0.000830,0.430092,492.137085,16645.769531
580,6.868368,0.000830,0.392158,489.934021,16720.619141
581,6.905543,0.000829,0.567858,500.419067,16370.279297
582,6.886301,0.000829,0.362419,493.678619,16593.791016
583,6.866970,0.000828,0.446381,489.331665,16741.201172
584,7.011153,0.000828,0.488601,492.415649,16636.351562
585,7.057795,0.000827,0.428205,499.133301,16412.449219
586,6.812011,0.000826,0.593051,491.548065,16665.714844
587,7.090537,0.000826,0.383254,500.713593,16360.650391
588,6.867994,0.000825,0.414325,497.316650,16472.402344
589,6.836369,0.000825,0.553619,501.223907,16343.992188
590,6.912922,0.000824,0.490498,498.160217,16444.507812
591,6.969140,0.000824,0.327717,502.183594,16312.758789
592,7.050887,0.000823,0.390671,496.044617,16514.644531
593,6.960491,0.000822,0.373941,501.642761,16330.346680
594,7.336102,0.000822,0.588895,501.018158,16350.704102
595,6.758037,0.000821,0.414176,501.767426,16326.290039
596,7.048744,0.000821,0.324881,499.948334,16385.693359
597,6.855996,0.000820,0.309765,499.267517,16408.037109
598,7.007740,0.000820,0.392175,504.702484,16231.343750
599,6.761849,0.000819,0.376557,498.253815,16441.419922
600,6.826552,0.000819,0.402639,498.071442,16447.439453
601,6.997297,0.000818,0.358298,505.397858,16209.011719
602,6.899882,0.000817,0.303591,500.301056,16374.140625
603,7.078252,0.000817,0.377983,502.507355,16302.250000
604,6.931134,0.000816,0.380464,501.986572,16319.162109
605,7.028624,0.000816,0.422065,500.985992,16351.754883
606,7.092544,0.000815,0.373017,498.329346,16438.927734
607,6.702987,0.000815,0.384709,498.005981,16449.601562
608,6.978741,0.000814,0.334110,496.225006,16508.640625
609,6.952619,0.000813,0.385964,498.906250,16419.917969
610,7.021241,0.000813,0.653953,495.657166,16527.552734
611,6.882801,0.000812,0.454436,502.880676,16290.146484
612,6.597539,0.000812,0.392180,501.141022,16346.696289
613,6.414680,0.000811,0.630188,501.990295,16319.040039
614,7.039950,0.000810,0.558128,498.027283,16448.898438
615,7.060662,0.000810,0.972985,496.873993,16487.076172
616,6.810671,0.000809,0.486074,499.923309,16386.513672
617,6.890668,0.000809,0.435354,494.801056,16556.148438
618,7.149990,0.000808,0.714076,497.060181,16480.902344
619,6.876106,0.000808,0.458647,505.702850,16199.236328
620,6.941686,0.000807,0.422233,503.131256,16282.033203
621,6.941755,0.000806,0.378246,504.079041,16251.419922
622,7.143640,0.000806,0.627975,489.866669,16722.917969
623,6.777788,0.000805,0.567763,516.904297,15848.195312
624,6.908653,0.000805,0.854046,507.216461,16150.895508
625,6.921608,0.000804,0.480082,495.011993,16549.093750
626,6.724340,0.000803,0.430785,505.773621,16196.970703
627,6.958846,0.000803,0.362668,495.830292,16521.781250
628,6.956506,0.000802,0.366438,494.476929,16567.001953
629,6.958091,0.000802,0.365303,498.133301,16445.396484
630,6.880974,0.000801,0.336915,499.503510,16400.285156
631,7.053760,0.000801,0.421686,503.129242,16282.098633
632,7.281733,0.000800,0.417811,499.336487,16405.771484
633,6.928473,0.000799,0.352924,507.471649,16142.774414
634,6.943785,0.000799,0.341493,498.149414,16444.865234
635,7.081326,0.000798,0.363800,508.061157,16124.042969
636,6.934684,0.000798,0.450606,499.970612,16384.962891
637,6.983731,0.000797,0.376234,502.398804,16305.771484
638,6.939702,0.000796,0.319005,500.702087,16361.026367
639,6.883468,0.000796,0.643783,500.156311,16378.880859
640,7.140738,0.000795,0.493179,499.299286,16406.992188
641,6.877060,0.000795,0.387813,503.820953,16259.744141
642,7.202369,0.000794,0.428266,487.202515,16814.363281
643,6.795480,0.000793,0.336944,497.391571,16469.919922
644,6.987335,0.000793,0.339475,505.257782,16213.505859
645,6.885772,0.000792,0.322690,494.847870,16554.582031
646,6.815567,0.000792,0.349751,488.354553,16774.697266
647,7.299226,0.000791,0.522759,493.218292,16609.277344
648,6.831989,0.000790,0.354224,495.612793,16529.033203
649,6.900707,0.000790,0.317121,493.744934,16591.562500
650,7.035877,0.000789,0.340385,495.627655,16528.537109
651,6.875033,0.000789,0.663854,497.324219,16472.152344
652,7.186995,0.000788,0.392620,493.857971,16587.765625
653,7.045690,0.000787,0.304342,495.048584,16547.871094
654,6.964852,0.000787,0.406362,495.303680,16539.347656
655,6.855467,0.000786,0.403815,492.859589,16621.367188
656,6.900852,0.000786,0.254651,503.947418,16255.664062
657,7.015501,0.000785,0.368564,505.134094,16217.475586
658,6.939428,0.000784,0.448990,503.665771,16264.754883
659,6.890131,0.000784,0.352713,494.482971,16566.798828
660,6.989454,0.000783,0.330419,500.188843,16377.814453
661,6.882361,0.000783,0.461119,498.842529,16422.015625
662,6.802194,0.000782,0.427296,497.557526,16464.427734
663,7.303487,0.000781,0.608578,494.713867,16559.066406
664,6.883574,0.000781,0.363876,495.599823,16529.464844
665,6.746623,0.000780,0.470403,492.581299,16630.757812
666,6.715792,0.000779,0.358089,492.160034,16644.992188
667,6.835849,0.000779,0.347728,498.245148,16441.705078
668,7.040462,0.000778,0.346199,488.887207,16756.419922
669,6.948147,0.000778,0.301134,489.872559,16722.716797
670,7.100524,0.000777,0.284782,487.168274,16815.544922
671,6.930820,0.000776,0.305479,493.821320,16588.996094
672,6.998803,0.000776,0.390051,491.582977,16664.531250
673,6.943161,0.000775,0.312196,496.714600,16492.369141
674,6.933975,0.000775,0.473616,492.595917,16630.263672
675,6.919437,0.000774,0.284611,496.316193,16505.607422
676,6.802773,0.000773,0.345323,494.737671,16558.269531
677,6.732063,0.000773,0.352270,500.618500,16363.757812
678,7.203067,0.000772,0.479105,490.527557,16700.386719
679,7.065601,0.000772,0.748944,491.597687,16664.033203
680,6.744850,0.000771,0.352537,492.857697,16621.431641
681,6.902192,0.000770,0.330111,498.945312,16418.632812
682,6.818705,0.000770,0.336198,493.610260,16596.089844
683,6.887026,0.000769,0.482807,496.569641,16497.183594
684,6.972760,0.000768,0.345274,492.717529,16626.158203
685,6.824578,0.000768,0.393420,497.804047,16456.275391
686,6.755190,0.000767,0.335026,491.199585,16677.539062
687,6.623856,0.000767,0.481427,492.451508,16635.140625
688,7.002849,0.000766,0.428134,488.557770,16767.720703
689,6.734470,0.000765,0.330172,495.140320,16544.804688
690,6.690499,0.000765,0.309317,490.941132,16686.318359
691,7.000441,0.000764,0.411587,499.226562,16409.382812
692,7.061768,0.000763,0.415153,495.558716,16530.835938
693,7.174832,0.000763,0.419424,495.662781,16527.365234
694,7.596766,0.000762,0.519028,498.364838,16437.757812
695,7.015312,0.000762,0.401577,493.013153,16616.189453
696,6.816512,0.000761,0.333599,495.609497,16529.142578
697,6.822310,0.000760,0.367782,499.545044,16398.921875
698,6.626970,0.000760,0.557850,494.540253,16564.880859
699,6.693201,0.000759,0.372219,491.700195,16660.558594
700,7.005765,0.000758,0.508594,490.522125,16700.572266
701,6.675664,0.000758,0.328088,493.317993,16605.921875
702,6.931074,0.000757,0.320233,492.713745,16626.287109
703,6.585096,0.000757,0.348760,499.009918,16416.507812
704,6.953005,0.000756,0.344335,492.836975,16622.128906
705,7.028443,0.000755,0.544259,499.206451,16410.044922
706,6.865610,0.000755,0.453679,488.248535,16778.339844
707,6.860206,0.000754,0.357959,495.359955,16537.468750
708,6.476703,0.000753,0.379039,494.034943,16581.822266
709,6.787336,0.000753,0.359789,498.074310,16447.343750
710,6.622122,0.000752,0.366041,493.432861,16602.056641
711,6.906265,0.000751,0.526164,501.545593,16333.509766
712,6.976306,0.000751,0.421072,497.574280,16463.873047
713,7.352514,0.000750,0.413880,500.208221,16377.180664
714,7.288073,0.000750,0.437914,496.345917,16504.619141
715,7.028019,0.000749,0.528123,495.771942,16523.726562
716,6.773483,0.000748,0.281282,493.223938,16609.087891
717,6.761376,0.000748,0.341578,501.681976,16329.069336
718,6.972398,0.000747,0.396269,489.492126,16735.712891
719,7.270844,0.000746,0.604724,502.082550,16316.042969
720,6.570342,0.000746,0.397050,503.335510,16275.425781
721,6.734714,0.000745,0.347883,501.525238,16334.173828
722,6.906573,0.000744,0.378442,500.361725,16372.155273
723,6.704372,0.000744,0.363174,499.062073,16414.792969
724,6.762185,0.000743,0.369442,500.726257,16360.235352
725,6.885218,0.000743,0.471667,495.451172,16534.423828
726,6.505455,0.000742,0.495055,490.053833,16716.531250
727,6.711674,0.000741,0.404533,493.798431,16589.765625
728,6.702683,0.000741,0.377270,491.997253,16650.500000
729,7.352994,0.000740,0.668769,487.103546,16817.779297
730,6.794016,0.000739,0.431690,490.976471,16685.117188
731,6.767414,0.000739,0.382162,498.750549,16425.044922
732,6.938916,0.000738,0.403101,506.426727,16176.081055
733,6.776244,0.000737,0.425555,497.101074,16479.546875
734,6.929186,0.000737,0.552953,490.805908,16690.916016
735,7.176105,0.000736,0.468272,494.367004,16570.685547
736,6.907632,0.000735,0.326768,490.707794,16694.253906
737,6.738174,0.000735,0.371077,491.024414,16683.488281
738,6.854032,0.000734,0.349764,493.235321,16608.705078
739,6.703161,0.000733,0.532343,493.194305,16610.085938
740,6.863128,0.000733,0.337849,495.347015,16537.900391
741,6.837402,0.000732,0.430370,497.735474,16458.541016
742,7.106089,0.000732,0.572583,493.182465,16610.486328
743,7.146721,0.000731,0.556088,493.757263,16591.148438
744,6.993308,0.000730,0.399845,494.481049,16566.863281
745,6.698804,0.000730,0.383512,492.608612,16629.835938
746,6.865374